# Conn_Pop2_Pop2, Conn_Pop2_Pop2_fail, Conn_Pop0_Pop2, Conn_Pop0_Pop2_fail
40,0,243,0
79,0,367,0
121,0,459,0
158,0,505,0
207,0,514,0
246,0,590,0
291,0,549,0
324,0,574,0
367,0,618,0
408,0,620,0
439,0,603,0
489,0,667,0
518,0,622,0
537,0,559,0
602,0,658,0
609,0,596,0
632,0,569,0
674,0,652,0
688,0,610,0
684,0,573,0
724,0,631,0
715,0,587,0
684,0,540,0
728,0,612,0
726,0,545,0
702,0,483,0
756,0,533,0
754,0,489,0
722,0,468,0
781,0,547,0
766,0,472,0
731,0,451,0
802,0,476,0
774,0,436,0
719,0,397,0
760,0,439,0
709,0,403,0
661,0,415,0
720,0,468,0
661,0,431,0
592,0,402,0
653,0,472,0
625,0,387,0
539,0,355,0
586,0,412,0
505,0,343,0
446,0,348,0
492,0,379,0
418,0,350,0
352,0,324,0
395,0,355,0
339,0,319,0
314,0,303,0
339,0,338,0
296,0,339,0
254,0,305,0
280,0,311,0
246,0,297,0
210,0,269,0
243,0,295,0
209,0,260,0
183,0,245,0
202,0,285,0
177,0,268,0
161,0,247,0
174,0,286,0
159,0,244,0
135,0,233,0
157,0,255,0
141,0,223,0
105,0,219,0
117,0,239,0
109,0,218,0
102,0,214,0
118,0,242,0
111,0,224,0
102,0,211,0
121,0,240,0
103,0,201,0
87,0,183,0
99,0,179,0
95,0,174,0
79,0,180,0
90,0,200,0
82,0,182,0
62,0,164,0
67,0,181,0
71,0,178,0
63,0,156,0
75,0,170,0
67,0,139,0
56,0,130,0
63,0,152,0
53,0,127,0
45,0,126,0
61,0,137,0
49,0,140,0
52,0,116,0
67,0,132,0
59,0,115,0
51,0,123,0
69,0,139,0
61,0,126,0
64,0,115,0
67,0,118,0
54,0,105,0
45,0,102,0
57,0,121,0
51,0,109,0
44,0,113,0
56,0,117,0
44,0,102,0
47,0,107,0
51,0,127,0
49,0,130,0
47,0,117,0
58,0,122,0
54,0,114,0
55,0,106,0
65,0,119,0
54,0,101,0
51,0,104,0
58,0,108,0
50,0,111,0
46,0,115,0
44,0,123,0
39,0,98,0
36,0,96,0
44,0,117,0
46,0,118,0
41,0,105,0
44,0,120,0
38,0,116,0
38,0,107,0
43,0,109,0
41,0,116,0
32,0,113,0
41,0,123,0
34,0,104,0
35,0,109,0
50,0,124,0
42,0,114,0
40,0,98,0
47,0,108,0
42,0,104,0
40,0,93,0
41,0,87,0
38,0,69,0
35,0,73,0
37,0,87,0
